id;request_id;jhi_index;cmd_list_json;jhi_system;created
1;12082;83984;../fake-data/blob/hipster.txt;deposit program Consultant;2023-02-07T03:56:27
2;20209;29883;../fake-data/blob/hipster.txt;Keyboard;2023-02-07T08:54:18
3;68070;41327;../fake-data/blob/hipster.txt;Bedfordshire Ergonomic;2023-02-07T15:21:07
4;55688;84349;../fake-data/blob/hipster.txt;white Implementation;2023-02-07T15:25:32
5;26501;38450;../fake-data/blob/hipster.txt;sexy;2023-02-07T09:26:56
6;36890;48657;../fake-data/blob/hipster.txt;envisioneer;2023-02-07T02:55:52
7;12552;1518;../fake-data/blob/hipster.txt;neural neutral;2023-02-06T22:22:34
8;14357;779;../fake-data/blob/hipster.txt;Health;2023-02-07T11:09:51
9;13921;664;../fake-data/blob/hipster.txt;Lead;2023-02-07T05:26:01
10;42265;4090;../fake-data/blob/hipster.txt;auxiliary Account hard;2023-02-07T13:58:40
